언론사,기사제목
서울경제,"“방송계 손절당하고 아내는 이혼 요구”…’尹 계엄 옹호’ 전한길, 결국 은퇴 선언"
미디어오늘,"조선일보 ""윤석열은 탈당하고 김건희는 검찰 조사받길"""
연합뉴스,개그우먼 이경실 소유 동부이촌동 아파트 경매행
SBS,"""임신했다, 돈 안 주면 폭로"" 손흥민 협박한 남녀 체포"
서울신문,“60대 한국인? 30대인 줄” 깜놀 외국인들에 ‘동안 비결’ 공개한 인플루언서
YTN,"""손흥민에게 수억 원 요구""...20대 여성 등 2명 체포"
헤럴드경제,“이건 너무 심하다 했더니” 차 안에서 피우던 담배에 사달…결국
경향신문,“중앙 공무원들 각오해야”…‘이재명 정부’ 일 처리는 옛 성남시처럼?
매일경제,"“이러다가 노인들만 남는거 아닌가”…서울 떠나는 30대, 어디로 가나 했더니"
한국경제TV,"""잠 들기 어렵네"" 이차전지 개미들…""이번엔 AMPC 리스크"""
KBS,"“김문수는 24평 아파트, 사회복지사 딸” 서병수 찬조연설 [이런뉴스]"
디지털타임스,"[속보] ""임신했다, 돈 안 주면 폭로""…손흥민 공갈 협박한 20대 여성 등 체포"
